original,translated
7an,tujuan
@,di
ababil,abg labil
abis,habis
acc,accord
ad,ada
adlah,adalah
adlh,adalah
adoh,aduh
afaik,as far as i know
aha,tertawa
ahaha,haha
aing,saya
aj,saja
aja,saja
ajep-ajep,dunia gemerlap
ajj,saja
ak,saya
aka,dikenal juga sebagai
akika,aku
akko,aku
akkoh,aku
akku,aku
akuwh,aku
akyu,aku
alay,norak
aljasa,asal jadi saja
alow,halo
ama,sama
ambilin,ambilkan
ambl,ambil
ancur,hancur
anjir,anjing
anjrit,anjing
ank,anak
anter,antar
ap,apa
ap2,apa-apa
apaan,apa
apasih,apa sih
ape,apa
apes,sial
aplot,unggah
aps,apa
apva,apa
aq,saya
aqu,aku
aquwh,aku
asap,sesegera mungkin
asbun,asal bunyi
aseek,asyik
aseekk,asyik
asek,asyik
asekk,asyik
aseknya,asyiknya
asem,asam
asoy,asyik
aspal,asli tetapi palsu
astrojim,astagfirullahaladzim
astul,asal tulis
ath,kalau begitu
ato,atau
atuh,kalau begitu
au ah,tidak mau tahu
ava,avatar
awak,saya
aws,awas
ay,sayang
ayang,sayang
ayank,sayang
ayok,ayo
b4,sebelum
bacot,banyak bicara
bakalan,akan
bales,balas
bandes,bantuan desa
bangdes,pembangunan desa
bangedh,banget
bangkotan,tua
banpol,bantuan polisi
banpres,bantuan presiden
banpur,bantuan tempur
bansarkas,bantuan sarana kesehatan
basbang,basi
bazis,"badan amal, zakat, infak, dan sedekah"
bcanda,bercanda
bcoz,karena
bdg,bandung
beb,sayang
begajulan,nakal
bejibun,banyak
beliin,belikan
belom,belum
bencong,banci
bener,benar
bentar,sebentar
ber2,berdua
ber3,bertiga
berdikari,berdiri di atas kaki sendiri
beresin,membereskan
bet,banget
bete,bosan
beti,beda tipis
beud,banget
beut,banget
bg,abang
bgd,banget
bgmn,bagaimana
bgs,bagus
bgt,banget
bhubu,tidur
bijimane,bagaimana
bimbuluh,bimbingan dan penyuluhan
bintal,bimbingan mental
bisi,kalau-kalau
bkl,akan
bkn,bukan
bknnya,bukannya
bl,beli
blegug,bodoh
blg,bilang
blh,boleh
blm,belum
bln,bulan
bls,balas
blum,belum
bnchi,benci
bnci,benci
bngung,bingung
bnran,yang benar
bnyk,banyak
bodor,lucu
bohay,badan aduhai
bokap,ayah
bokep,video porno
boker,buang air besar
bokin,pacar
bokis,bohong
bole,boleh
boljug,boleh juga
bolot,bodoh
bonek,bocah nekat
bonyok,ayah ibu
boyeh,boleh
bpk,bapak
br,baru
brb,segera kembali
brg,bareng
brngkt,berangkat
bro,saudara laki-laki
brp,berapa
bru,baru
brur,saudara laki-laki
bs,bisa
bsa,bisa
bsen,bosan
bsk,besok
bt,bosan sekali
bt,buat
btw,ngomong-ngomong
bu_bu,tidur
buaya,tidak setia
bubarin,bubarkan
bubbu,tidur
buber,buka bersama
bubu,tidur
bujubune,luar biasa
bumil,ibu hamil
buser,buru sergap
bw,bawa
bwhn,bawahan
bwt,buat
byar,bayar
byk,banyak
byr,bayar
byrin,bayarkan
c8,chat
cabal,sabar
cabut,pergi
cadas,keren
caem,cakep
calo,makelar
cama-cama,sama-sama
can,belum
cangcut,celana dalam
capcus,pergi
cape,capek
caper,cari perhatian
caur,jelek
ce,cewek
cekak,tidak ada uang
cekal,cegah tangkal
cekidot,coba lihat
cemen,penakut
cemplungin,cemplungkan
cengengesan,tertawa
ceper,pendek
cepet,cepat
ceu,kakak perempuan
cew,cewek
cewe,cewek
chuyunk,sayang
cibuk,sibuk
cimeng,ganja
cin,cinta
cipika cipiki,cium pipi kanan cium pipi kiri
ciye,cie
ciyh,sih
ckck,ck
ckepp,cakep
ckp,cakep
ckp,cukup
clbk,cinta lama bersemi kembali
cmiiw,correct me if i'm wrong
cmpr,campur
cmpur,campur
cnenk,senang
cong,banci
congor,mulut
conlok,cinta lokasi
cow,cowok
cowwyy,maaf
coz,karena
cp,siapa
cpa,siapa
ngeri,seram
cpe,capek
cppa,siapa
cppe,capek
cr,cara
cucok,cocok
cuek,tidak acuh
cuex,cuek
cuman,Cuma
cumi,Cuma miscall
cungkring,kurus tinggi
cups,culun
cupu,culun
curanmor,pencurian kendaraan bermotor
curas,pencurian dengan kekerasan
curcol,curahan hati colongan
curhat,curahan hati
cwek,cewek
cwok,cowok
cyin,cinta
cz,karena
d,di
dagh,sudah
dah,deh
damang,sehat
dapet,dapat
dateng,datang
de,adik
dech,deh
dek,adik
deket,dekat
demen,suka
dengerin,dengarkan
deyh,deh
dg,dengan
dgn,dengan
dh,deh
diancurin,dihancurkan
digosipin,digosipkan
dimaafin,dimaafkan
dimana2,dimana-mana
dimintak,diminta
dimna,dimana
disono,di sana
diuber,dikejar
dket,dekat
dkit,sedikit
dkk,dan kawan-kawan
dl,dulu
dll,dan lain-lain
dlm,dalam
dlu,dulu
dmn,dimana
dngn,dengan
doang,saja
dodol,bodoh
doi,dia
doku,uang
don juan,playboy
dongs,dong
donlot,unduh
dpt,dapat
dr,dari
dri,dari
drmana,darimana
drmn,darimana
drpd,daripada
drtd,dari tadi
dsb,dan sebagainya
dst,dan seterusnya
dstu,disitu
dtg,datang
dugem,dunia gemerlap
duh,aduh
duit,uang
duren,durian
dy,dia
ed,edisi
edan,gila
egp,emang gue pikirin
eike,aku
eke,aku
elo,kamu
elu,kamu
emang,memang
emangnya,memangnya
emg,memang
emng,memang
emte,makan teman
endak,tidak
engga,tidak
enggak,tidak
entar,nanti
envy,iri
etc,et cetera
ex,mantan
ext,extension
fax,facsimile
fb,facebook
fifo,first in first out
finek,finansial ekonomi
folbek,follow back
fwd,diterukan
fyi,sebagai informasi
ga,tidak
gaada,tidak ada uang
gabisa,tidak bisa
gag,tidak
gahar,sangar
gaje,tidak jelas
gak,tidak
gak papa,tidak apa-apa
gamau,tidak mau
gan,juragan
gapapa,tidak apa-apa
gaptek,gagap teknologi
gatau,tidak tahu
gatek,gagap teknologi
gatot,gagal total
gawe,kerja
gax,tidak
gbs,tidak bisa
gda,tidak ada uang
gebetan,orang yang disuka
geer,gede rasa
geje,tidak jelas
gelo,gila
gepeng,gelandangan dan pengemis
ghiey,lagi
ghiy,lagi
gi,lagi
gile,gila
giman,gigi mancung
gimana,bagaimana
gini,begini
gino,gigi nongol
gitchu,gitu
githu,gitu
gitu,begitu
gj,tidak jelas
gk,tidak
gmana,bagaimana
gmn,bagaimana
gn,begini
goblog,goblok
goblok,bodoh
good,bagus
gokil,gila
golput,golongan putih
gombal,suka merayu
gowes,mengayuh sepeda
gpl,tidak pakai lama
gpny,tidak punya
gpp,tidak apa-apa
gr,gede rasa
gretong,gratis
gretongan,gratisan
gt,begitu
gtau,tidak tahu
gtw,tidak tahu
gua,saya
gue,saya
guoblok,goblok
guys,teman-teman
gw,saya
gws,cepat sembuh
ha,tertawa
haghaghag,tertawa
haha,tertawa
hakhak,tertawa
hallow,halo
handak,bahan peledak
hankam,pertahanan dan keamanan
hansip,pertahanan sipil
hehe,he
hellow,halo
helo,halo
helow,halo
hey,hai
hi,hai
hlm,halaman
hlng,hilang
hny,hanya
hnya,hanya
hoax,isu bohong
houm,rumah
hr,hari
hrs,harus
hrus,harus
hubad,hubungan angkatan darat
hubdar,perhubungan darat
hubla,perhubungan laut
huff,mengeluh
huft,mengeluh
hum,rumah
humas,hubungan masyarakat
humz,rumah
idk,saya tidak tahu
ilang,hilang
ilfeel,tidak suka
ilfil,tidak suka
imba,jago sekali
imho,in my humble opinion
imoet,imut
imoetz,imut
info,informasi
item,hitam
itung,hitung
itungan,hitungan
isengin,bercanda
iy,iya
iyala,iya lah
iye,iya
iyo,iya
ja,saja
jablay,jarang dibelai
jadiin,jadikan
jadul,jaman dulu
jaim,jaga image
jancuk,anjing
jayus,tidak lucu
jd,jadi
jdi,jadi
jdikan,jadikan
jem,jam
jg,juga
jga,juga
jgn,jangan
jgnkan,jangankan
jijay,jijik
jir,anjing
jkt,jakarta
jln,jalan
jnj,janji
jomblo,tidak punya pacar
jth,jatuh
jubir,juru bicara
jurdil,jujur adil
jutek,galak
jwb,jawab
k,ke
ka,kakak
kab,kabupaten
kabag,kepala bagian
kabor,kabur
kacian,kasihan
kacrut,kacau
kadit,kepala direktorat
kadiv,kepala divisi
kaga,tidak
kagak,tidak
kaka,kakak
kalo,kalau
kalo,kalau
kampret,sialan
kamtib,keamanan dan ketertiban
kamtibmas,keamanan dan ketertiban masyarakat
kamuh,kamu
kamuwh,kamu
kamyu,kamu
kanwil,kantor wilayah
kapt,kapten
karna,karena
kasat,kepala satuan
kasubbag,kepala subbagian
kasubbid,kepala subbidang
katrok,kampungan
kau,kamu
kayanya,kayaknya
kbar,kabar
kbr,kabar
kcian,kasihan
kdu,harus
keburu,terlanjur
kec,kecamatan
kedubes,kedutaan besar
kejurnas,kejuaraan nasional
kek,seperti
kekeuh,keras kepala
keknya,kayaknya
kel,kelurahan
keliatan,kelihatan
kemaren,kemarin
keneh,masih
kepengen,mau
kepikiran,terpikirkan
kepingin,mau
kepo,mau tahu urusan orang
kepsek,kepala sekolah
kere,tidak punya uang
kesbang,kesatuan bangsa
kesian,kasihan
kesra,kesejahteraan rakyat
ketauan,ketahuan
ketrima,diterima
keukeuh,keras kepala
kgiatan,kegiatan
khan,kan
kibul,bohong
kibus,kaki busuk
kimpoi,kawin
kk,kakak
kl,kalau
klian,kalian
klianz,kalian
klo,kalau
kloter,kelompok terbang
kluarga,keluarga
klw,kalau
klwrga,keluarga
km,kamu
kmari,kemari
kmps,kampus
kmpus,kampus
kmrn,kemarin
kn,kan
knal,kenal
knl,kenal
knp,kenapa
knpa,kenapa
kodya,kota madya
kog,kok
komdis,komisi disiplin
kompi,komputer
komsov,komunis sovyet
komtiong,komunis Tiongkok
kongkow,kumpul bareng teman-teman
konjen,konsulat jenderal
kopdar,kopi darat
koq,kok
korup,korupsi
kpd,kepada
kpn,kapan
kptsan,keputusan
krenz,keren
krik,garing
krm,kirim
krn,karena
kt,kita
ktauan,ketahuan
ktmu,ketemu
ktny,katanya
ktr,kantor
kudu,harus
kuper,kurang pergaulan
kuq,kok
kw,imitasi
ky,seperti
kyk,seperti
kykny,kayanya
la,lah
laka,kecelakaan
lam,salam
lambreta,lambat
lamp,lampiran
lansia,lanjut usia
lanud,landasan udara
lapas,lembaga pemasyarakatan
latgab,latihan gabungan
lbur,libur
lebay,berlebihan
leh,boleh
leh,boleh
lekong,laki-laki
lelet,lambat
lemot,lambat berfikir
lemot,lemah otak
lg,lagi
lgi,lagi
lgkp,lengkap
lgsg,langsung
lht,lihat
liat,lihat
linmas,perlindungan masyarakat
litbang,penelitian dan pengembangan
lmyan,lumayan
lmyn,lumayan
lngkp,lengkap
lo,kamu
loch,loh
loe,kamu
lol,tertawa
lola,lambat berfikir
lom,belum
louph,cinta
loupz,cinta
low,kalau
lowh,kamu
lp,lupa
lu,kamu
luber,"langsung, umum, bebas, dan rahasia"
luchu,lucu
luchuw,lucu
luff,cinta
lum,belum
luph,cinta
luthu,lucu
lw,kamu
lwn,lawan
lwt,lewat
maacih,terima kasih
maaciw,terima kasih
mabal,bolos
mabes,markas besar
macem,macam
macem-macem,macam-macam
macih,masih
madesu,masa depan suram
maem,makan
maen,main
magabut,makan gaji buta
mahatma,maju sehat bersama
maho,homo
mak,ibu
mak jang,kaget
makasih,terima kasih
maksain,memaksa
malah,bahkan
malem,malam
malu2in,memalukan
mam,makan
mamz,makan
maneh,kamu
manies,manis
maniez,manis
mantep,mantap
mao,mau
markus,makelar kasus
masukin,masukkan
mba,mbak
melu,ikut
mending,lebih baik
mepet,dekat sekali
mgkn,mungkin
mgu,minggu
mhn,mohon
migas,minyak dan gas bumi
miker,minuman keras
mikol,minuman beralkohol
milis,mailing list
miras,minuman keras
mksd,maksud
mlah,malah
mls,malas
mngkn,mungkin
mnt,minta
mo,mau
moge,motor gede
mokad,mati
mokat,mati
moso,masa
mosok,masa
mpe,sampai
msh,masih
msk,masuk
mskpn,meskipun
mslh,masalah
msng2,masing-masing
mt,makan teman
muahal,mahal
mubes,musyawarah besar
muker,musyawarah kerja
mulu,melulu
mumet,pusing
mumpung,selagi
muna,munafik
munas,musyawarah nasional
munaslub,musyawarah nasional luar biasa
muntaber,muntah dan berak
musda,musyawarah daerah
musti,mesti
muup,maaf
muupz,maaf
muuv,maaf
mw,mau
mw,now watching
n,dan
nal,kenal
nanam,menanam
nangis,menangis
nanya,bertanya
naon,apa
napa,kenapa
napa,kenapa
napi,narapidana
napol,narapidana politik
napza,"narkotika, alkohol, psikotropika, dan zat adiktif "
naq,anak
narkoba,"narkotika, psikotropika, dan obat terlarang"
narsis,bangga pada diri sendiri
nasgor,nasi goreng
nax,anak
nda,tidak
ndak,tidak
ndiri,sendiri
ndut,gendut
ne,ini
nekolim,neokolonialisme
nekolin,neokolonialisme
nelfon,menelepon
nembak,menyatakan cinta
ngabis2in,menghabiskan
ngabuburit,menunggu berbuka puasa
ngakak,tertawa
ngaku,mengaku
ngambek,marah
ngambil,mengambil
ngampus,pergi ke kampus
nganggur,tidak punya pekerjaan
ngantri,mengantri
ngapah,kenapa
ngapain,sedang apa
ngaret,terlambat
ngaruh,berpengaruh
ngasih,memberikan
ngawur,berbicara sembarangan
ngebandel,berbuat bandel
ngeceng,kumpul bareng-bareng
ngegosip,bergosip
ngeh,sadar
ngeklaim,mengklaim
ngekos,tinggal di kos
ngeksis,menjadi eksis
ngelamar,melamar
ngeles,berkilah
ngeliat,melihat
ngelidur,menggigau
ngemeng,bicara terus-terusan
ngerampok,merampok
ngerti,mengerti
ngga,tidak
nggak,tidak
ngibul,berbohong
ngikut,ikut
ngiler,mau
nginep,menginap
ngiri,iri
ngisi,mengisi
ngisiin,mengisikan
ngmg,bicara
ngmng,bicara
ngocol,lucu
ngomong,bicara
ngomongin,membicarakan
ngubek2,mencari-cari
ngumpul,berkumpul
ngurus,mengurus
ni,ini
nice,bagus
nie,ini
niech,nih
nih,ini
nimbrung,ikut serta
niyh,nih
nkah,nikah
nmr,nomor
nnti,nanti
nntn,nonton
no,nomor
nobar,nonton bareng
nongkrong,kumpul-kumpul
np,now playing
nrp,narapidana
ntar,nanti
ntar,sebentar
ntn,nonton
nuhun,terima kasih
numpuk,bertumpuk
nunggu,menunggu
nutupin,menutupi
nyampah,membuat sampah
nyasar,tersesat
nyari,mencari
nyariin,mencari
nyekar,menyekar
nyiapin,mempersiapkan
nyicil,mencicil
nyiram,menyiram
nyoblos,mencoblos
nyok,ayo
nyokap,ibu
o/,oleh
ogah,tidak mau
ok,ok
okt,oktober
ol,online
omdo,omong doang
ongkir,ongkos kirim
oon,bodoh
oot,out of topic
org,orang
org2,orang orang
orkes,olahraga dan kesehatan
ortu,orang tua
ospek,orientasi studi dan pengenalan kampus
otda,otonomi daerah
otre,ok
otw,"on the way, sedang di jalan"
pa,apa
pacal,pacar
pahe,paket hemat
pake,pakai
pakek,pakai
pala,kepala
panja,panitia kerja
pansus,panitia khusus
pantura,pantai utara
parpol,partai politik
pas2an,pas pasan
pasutri,pasangan suami istri
patas,cepat dan terbatas
pd,pada
pdhl,padahal
pede,percaya diri
pelatda,pemusatan latihan daerah
pelatnas,pemusatan latihan nasional
pembokat,pembantu
pemda,pemerintah daerah
pemilu,pemilihan umum
pemkot,pemerintah kota
pemprov,pemerintah provinsi
pemred,pemimpin redaksi
pengen,ingin
penjas,pendidikan jasmani
penmas,pendidikan masyarakat
perda,peraturan daerah
perek,wanita tuna susila
perhatiin,perhatikan
pertamax,pertama
pesenan,pesanan
pesenin,pesankan
pgang,pegang
pgi,pergi
pi,tapi
pijetin,pijitkan
pilkada,pemilihan kepala daerah
pimpro,pemimpin proyek
pisan,sangat
pisgor,pisang goreng
pk,penjahat kelamin
pke,pakai
plg,paling
pm,private message
pmrnth,pemerintah
pny,punya
polantas,polisi lalu lintas
polwan,polisi wanita
ponpes,pondok pesantren
ponsel,telepon seluler
pp,pulang pergi
ppa,apa
prg,pergi
prikitiw,cie
priksa,periksa
prnh,pernah
pro,profesional
psen,pesan
psn,pesan
pst,pasti
psti,pasti
pswt,pesawat
puanas,panas
pw,posisi nyaman
qmo,kamu
qmu,kamu
qt,kita
rakor,rapat koordinasi
rame,ramai
ranmor,kendaraan bermotor
raskin,rakyat miskin
re,reply
red,redaksi
ref,referensi
reg,register
rehab,rehabilitasi
rejeki,rezeki
rempong,sulit
renstra,rencana strategis
repp,balas
reskrim,reserse kriminal
krim,kirim
restik,reserse narkotika
rhs,Rahasia
rhs,rahasia
rmbt,rambut
rmh,rumah
rofl,rolling on the floor laughing
ru,baru
rudal,peluru kendali
ruko,rumah toko
rusun,rumah susun
rusunawa,rumah susun sewa
rutan,rumah tahanan
ruz,terus
s4,sempat
saia,saya
saiank,sayang
salting,salah tingkah
saltum,salah kostum
sampe,sampai
sampeyan,anda
samsek,sama sekali
sapa,siapa
sapose,siapa
satkorlak,satuan koordinator pelaksana
satpam,satuan pengamanan
say,sayang
sbb,sebagai berikut
sbg,sebagai
sbh,sebuah
sblm,sebelum
sbnrny,sebenarnya
scara,secara
scr,secara
sdg,sedang
sdgkn,sedangkan
sdh,sudah
sdkt,sedikit
sdngkn,sedangkan
se7,setuju
seabrek,banyak
sebelas dua belas,mirip
sekjen,sekretaris jenderal
sembako,sembilan bahan pokok
sempak,celana dalam
sempet,sempat
sempet2nya,sempat-sempatnya
sendratari,seni drama tari
sertijab,serah terima jabatan
sgt,sangat
sgtunya,segitunya
shg,sehingga
sidak,inspeksi mendadak
siech,sih
sieyh,sih
sikon,situasi dan kondisi
simpedes,simpanan pedesaan
sinetron,sinema elektronik
sip,ok
siramin,siramkan
sis,kakak perempuan
sj,saja
skali,sekali
skalian,sekalian
skl,sekali
sklh,sekolah
skrg,sekarang
skt,sakit
skul,sekolah
slesai,selesai
slh,salah
sll,selalu
slm,salam
slma,selama
slmt,selamat
slsai,selesai
slt,sulit
smpt,sempat
smua,semua
smw,semua
smwny,semuanya
sndiri,sendiri
sng,senang
sni,sini
soljum,sholat jumat
somse,sombong sekali
songong,sombong
sorry,maaf
sory,maaf
sosbud,sosial-budaya
sosek,sosial-ekonomi
sospol,sosial-politik
sotoy,sok tahu
sowry,maaf
spa,siapa
spd,sepeda
sppa,siapa
sprti,seperti
spt,seperti
spy,supaya
srtfkt,sertifikat
stelah,setelah
stiap,setiap
stiap,setiap
stlh,setelah
subbag,subbagian
suk,masuk
sumbangin,sumbangkan
sumpek,sempit
sy,saya
syg,sayang
syp,siapa
t4,tempat
tabanas,tabungan pembangunan nasional
tajir,kaya
tar,nanti
tau,tahu
taun,tahun
taw,tahu
tawh,tahu
td,tadi
tdi,tadi
tdk,tidak
te2p,tetap
teh,kakak perempuan
tekor,rugi
telat,terlambat
telkom,telekomunikasi
telmi,telat berpikir
telp,telepon
temen,teman
temen2,teman-teman
tengil,menyebalkan
tengok,menjenguk
tepar,terkapar
terbitin,terbitkan
tggu,tunggu
tgl,tanggal
tgu,tunggu
thanks,terima kasih
thankz,terima kasih
thd,terhadap
thn,tahun
thx,terima kasih
tilang,bukti pelanggaran
tipi,TV
tipiwan,TvOne
tkg,tukang
tks,terima kasih
tll,terlalu
tlp,telepon
tlpn,telepon
tls,tulis
tman,teman
tmbah,tambah
tmbh,tambah
tmen2,teman-teman
tmn2,teman-teman
tmpah,tumpah
tmph,tumpah
tmpt,tempat
tnda,tanda
tngu,tunggu
tnh,tanah
tnyta,ternyata
togel,toto gelap
tokai,tai
tokai,tai
toserba,toko serba ada
tp,tapi
tpi,tapi
tq,terima kasih
trdhulu,terdahulu
trgntg,tergantung
trima,terima kasih
trims,terima kasih
trimz,terima kasih
trm,terima
trnyt,ternyata
trs,terus
trus,terus
trutama,terutama
trz,terus
ts,penulis
tsb,tersebut
tst,tahu sama tahu
ttd,tertanda
ttg,tentang
ttp,tetap
tuch,tuh
tuh,itu
tuir,tua
tuwh,tuh
tw,tahu
tyap,tiap
u,kamu
u/,untuk
ud,sudah
uda,sudah
udah,sudah
udh,sudah
ujg,ujung
ujung2nya,ujung-ujungnya
ul,ulangan
ultah,ulang tahun
unyu,lucu
unyu,menggemaskan
uplot,unggah
uppu,apa
urang,saya
urg,saya
usah,perlu
utang,hutang
utk,untuk
utul,ujian tertulis
valas,valuta asing
vol,volume
w/,dengan
wad,buat
wadir,wakil direktur
wagub,wakil gubernur
wamil,wajib militer
waria,wanita pria
warkop,warung kopi
warnet,warung internet
warteg,warung tegal
wartel,warung telekomunikasi
wat,buat
wk,tertawa
wkt,waktu
wkwk,tertawa
wtf,what the fuck
wth,what the hell
xixixi,tertawa
y,kenapa
ya,iya
yad,yang akan datang
yap,iya
yapz,iya
yaudah,ya sudah
yauwda,ya sudah
yawdah,ya sudah
ybs,yang bersangkutan
yg,yang
yi,yaitu
yl,yang lain
yng,yang
yo,iya
yoha,iya
yowes,ya sudah
yuk,ayo
yup,iya
ywdh,ya sudah
cb,coba
plh,pilih
y,ya
slalu,selalu
munfik,munafik
ahiok,ahok
reklamuk,reklamasi
victory,menang
sma,sama
kmrm,kemeramen
kmrn,kemarin
kowe,kamu
tren,trend
smg,semoga
ngehe,kesal
humoris,lucu
jadiin,jadi
mb,mbak
mz,mas
komun,komunitas
analisise,analisis
stop,henti
sadaar,sadar
manen,panen
sept,september
nyaingin,saing
nmenarik,menarik
war,perang
pake,pakai
janjinyaa,janji
zonk,bodoh
fitnag,fitnah
rights,benar
gub,gubernur
simiskin,miskin
gantengbs,ganteng
ngumpet,sembunyi
bedakin,bedak
hardcore,keras
anjay,anjing
akhirx,akhirnya
prototype,contoh
solve,solusi
rja,raja
watuk,batuk
nyang,yang
ngebully,intimidasi
hurts,pedih
masy,masyarakat
utip,kutip
still,masih
mndukung,mendukung
tauk,tahu
pulgar,kasar
mbual,membual
manggil,panggil
tioghoa,tionghoa
rkyt,rakyat
ngentotin,senggama
ngentot,senggama
kentot,senggama
toys,main
faktakta,fakta
nyemot,ambil
sohib,teman
ego,emosi
rubahnn,rubah
mbaur,baur
trlalu,terlalu
governor,gubernur
nyela,cela
heter,pembenci
heters,pembenci
insom,insomnia
nyembah,sembah
slama,selama
most,paling
modar,mati
ikon,lambang
buangbuang,buang
light,terang
amerik,amarika
pndukung,pendukung
mbabibuta,ceroboh
setting,atur
emank,memang
seting,akting
maybe,mungkin
next,lanjut
sebelom,sebelum
waspadalah,waspada
our,kami
bokep,porno
cayalah,percaya
gantengsaya,ganteng
bajir,banjir
parte,partai
nyalahin,salah
nyerang,serang
dzolim,zalim
nipu,tipu
mnipu,tipu
ktipu,tipu
valid,sah
jentelmen,berani
buzzerbuzzer,buzzer
buangbuang,buang
tsk,tersangka
tsangka,tersangka
dungu,bodoh
lemot,lambat
capek,lelah
kurng,kurang
bajir,banjir
ista,nista
istaa,nista
less,kurang
bebal,bodoh
koar,teriak
muna,munafik
lelet,lambat
naas,nahas
paranoid,takut
parno,takut
problem,masalah
puyeng,pusing
songong,sombong
taik,kotoran
tahi,kotoran
tai,kotoran
tirani,tiran
pls,tolong
tilep,tilap
accord,sesuai
happy,bahagia
irit,hemat
tak,tidak
semau,asal
mbual,bual
mantabss bagus,
penertiban,tertib
orange,oranye
uasai,kuasa
vote,pilih
mnolak,tolak
menolak,tolak
trending,trend
presh,segar
taik,tahi
serasiii,serasi
wkwkkw,tertawa
soft,halus
setting,atur
angis,nangis
ahokncc,ahok
almaidahyg,almaidah
istaa,nista
benarjujur,benar
benarjujur,jujur
sayan,sayang
mgkin,mungkin
lbh,lebih
jg,juga
krn,karena
dlm,dalam
tsb,tersebut
&,dan
+,tambah
/,atau
=,sama dengan
%,persen
ababil,anak ingusan
abal2,palsu
abal,palsu
ad,ada
address,alamat
ade,adik
adek,adik
adain,adakan
atheist,ateis
atheis,ateis
af,sekali
aj,saja
ajh,saja
aja,saja
ajah,saja
apa2,apa apa
apt,apartemen
agan,juragan
anj,anjing
apah,apa
akooh,aku
alay,norak
alhamdulillah,alhamdulilah
alhmadlah,alhamdulilah
alhmdhl,alhamdulilah
alhmdl,alhamdulilah
alhmdlah,alhamdulilah
alhmdlh,alhamdulilah
alhmdulah,alhamdulilah
albm,album
alakadar,seadanya
ampe,sampai
anjir,waw
andri,antre
anterin,antarkan
anyway,ngomong-ngomong
apik,bagus
aq,aku
asap,secepatnya
and,dan
ato,atau
atao,atau
atw,atau
ava,foto profil
banget,sekali
balikin,kembalikan
baget,keras kepala
baper,bawa perasaan
bapuk,rusak
bcr,bicara
batre,baterai
batere,baterai
bebeb,pacar
begin,awal
bejibun,bertumpuk banyak
bener,benar
ber2,berdua
ber3,bertiga
bf,pacar
bgt,sekali
bnget sekali,
bhas,bahas
bhg,bahagia
bikin,buat
binggo,banget
bingit,banget
bklan,bakalan
bkn,bukan
blg,bilang
bnr,benar
bnyk,banyak
br,baru
brb,akan segera kembali
brjaya,berjaya
bs,bisa
bsa,bisa
bsk,besok
brg,barang
brang,barang
brng,barang
breng,bareng
blum,belum
blom,belum
btw,ngomong-ngomong
bwt,buat
bgs,bagus
bgt,banget
bgus,bagus
buyer,pembeli
bsr,besar
bsar,besar
cm,cuma
ccd,cacat
cowo,cowok
cewe,cewek
cct,cacat
cmn,cuma
cman,cuma
cmiiw,koreksi saya
cnt,cinta
cs,customer service
congrats,selamat
cod,bayar di tempat
crop,potong
cpt,cepat
cpat,cepat
cya,sampai jumpa lagi
d,di
da,ada
dah,sudah
dapt,dapat
dapet,dapat
dafuk,kurang ajar
damat,tidak peduli
dempa,demi apa
dech,deh
dpn,depan
dg,dengan
dgn,dengan
deket,dekat
dkt,dekat
dlm,dalam
dsar,dasar
dsr,dasar
dlu,dulu
dmn,dimana
dpt,dapat
dr,dari
dri,dari
drpd,daripada
dsna,disana
dugem,dunia gemerlap
design,desain
dtg,datang
dtang,datang
elo,kamu
elu,kamu
ente,kamu
enggak,tidak
engga,tidak
expedisi,ekspedisi
ekpedisi,ekspedisi
emang,memang
emg,memang
emng,memang
emank,memang
epsd,episode
fast,cepat
fake,falsu
fans,penggemar
fans,penggemar
faq,pertanyaan umum
fham,paham
fhm,paham
fb,facebook
fix,pasti
ft,foto
fyi,asal tahu saja
fs,flash sale
flasale,flash sale
flashsale,flash sale
fles,flash
for,untuk
g,tidak
ga,tidak
jwab,jawab
jwb,jawab
gaada,tidak ada
gabut,gaji buta
gada,tidak ada
gajebo,tidak jelas
gak,tidak
gan,juragan
galau,bimbang
garing,hambar
gatau,tidak tahu
geje,tidak jelas
gengges,ganggu
gf,pacar
ggl,gagal
gk,tidak
gold,emas
jihat,jihad
god,bagus
gmn,bagaimana
gmana,bagaimana
gmpng,gampang
gokil,gila
gwe,aku
hand,tangan
gapapa,tidak apa apa
gpp,tidak apa apa
gakpapa,tidak apa apa
grammar,tata bahasa
gt,gitu
gue,aku
gw,aku
gw,aku
goblog,goblok
hbd,happy birthday
hp,telepon genggam
hape,telepon genggam
handphone,telepon genggam
haeduh,aduh
hacep,pesta pora
hater,pembenci
haters,pembenci
hdp,hidup
hrg,harga
hrga,harga
hdr,hadir
hit,terpopuler
hits,terkini
hoax,palsu
ig,instagram
idup,hidup
indo,indonesia
iow,dengan kata lain
ipon,iphone
ilmuan,ilmuwan
item,hitam
jos,mantap
joz,mantap
jd,jadi
jdi,jadi
jdnya,jadinya
jg,juga
jga,juga
jgan,jangan
jngn,jangan
jgn,jangan
jl,jalan
jln,jalan
jls,jelas
jutek,galak
k,ke
ko,kok
koq,kok
kamseupay,kampungan
karn,karena
krn,karena
karna,karena
krna,karena
kbr,kabar
kca,kaca
keknya,kayaknya
keles,kali
keleus,kali
kepo,penasaran
kgk,kagak
kicep,diam
kipak,bohong
kog,kok
kk,kakak
kl,kalau
klo,kalau
klu,kalau
kalo,kalau
kalok,kalau
klon,duplikat
klrg,keluarga
klu,kalau
km,kamu
kmn,kemana
kmrn,kemarin
kcil,kecil
kcl,kecil
kn,kan
knp,kenapa
knpa,kenapa
kongkow,kumpul-kumpul
kpd,kepada
kpn,kapan
krg,kurang
krng,kurang
krang,kurang
krn,karena
krm,kirim
krim,kirim
krna,karena
ktny,katanya
kumkeb,kumpul kebo
kyk,kayak
kagak,tidak
kyak,kayak
kzl,kesal
kwalitas,kualitas
lbh,lebih
lebay,berlebihan
lebeh,berlebihan
lelet,lambat
lg,lagi
lgs,langsung
liat,lihat
lnjut,lanjut
lo,kamu
lu,kamu
lw,kamu
loh,lho
lom,belum
lol,tertawa
love,cinta
lwt,lewat
maaci,terima kasih
mabok,mabuk
mager,malas gerak
maharani,mahal
maho,homoseksual
mainstream,sangat umum
males,malas
mcm,macam
mehong,mahal
meneketehe,tidak tahu
menel,centil
mgkn,mungkin
mimin,admin
minn,admin
mkn,makan
mksd,maksud
mksud,maksud
mksh,terima kasih
mlm,malam
mlm,malam
mls,malas
mmg,memang
modus,maksud lain
mrk,mereka
mrka,mereka
mreka,mereka
mayan,lumayan
muantap,mantap
mantaf,mantap
mantep,mantap
mntap,mantap
mantab,mantap
much,lebih
mure,murah
mw,mau
n,dan
naek,naik
nelpon,menelepon
nelfon,menelepon
ngeh,paham
ngeuh,paham
ndak,tidak
nggak,tidak
nggu,menunggu
ngliat,melihat
ngeliat,melihat
ngga,tidak
nga,tidak
ngk,tidak
nice,bagus
nmr,nomor
no,nomor
nongkrong,kumpul-kumpul
ntn,nonton
nntn,nonton
ntaps,mantap
ntap,mantap
mantul,mantap betul
nyampe,sampai
nyampek,sampai
nyungsep,jatuh
nyesal,menyesal
nyesel,menyesal
official,resmi
olh,oleh
or,atau
ori,asli
org,orang
ongkir,ongkos kirim
ok,oke
overal,secara keseluruhan
overall,secara keseluruhan
on hand, di tangan
olshop,toko online
pa,apa
pake,pakai
pke,pakai
pakek,pakai
palbis,paling bisa
pcr,pacar
pcran,pacaran
pd,pada
pdhal,padahal
peres,palsu
pg,pagi
pgg,pegang
php,pemberi harapan palsu
pk,pakai
paking,packing
keep,tetap
plg,pulang
pesen,pesan
pls,tolong
pnh,pernah
pntg,penting
pny,punya
pingin,ingin
pengen,ingin
pgn,ingin
prcya,percaya
pls,tolong
please,tolong
prnh,pernah
pst,pesat
psti,pasti
pcs,buah
rapih,rapi
recokin,ganggu
rempong,repot
ri,republik indonesia
rotfl,tertawa
rbu,ribu
rb,ribu
romo,promo
rocker,voucher
respons,respon
response,respon
recomen,direkomendasikan
recomended,direkomendasikan
recommended,direkomendasikan
rekomended,direkomendasikan
recommend,direkomendasikan
sabeb,bebas
schedule,jadwal
sdh,sudah
selow,santai
seller,penjual
sgt,sangat
sgtu,segitu
sgtuny,segitunya
sh,masih
sjjurny,sejujurnya
skali,sekali
skrg,sekarang
seneng,senang
slh,salah
sll,selalu
ssuai,sesuai
sm,sama
smg,semoga
smga,semoga
smoga,semoga
smw,semua
smp,sampai
smwnya,semuanya
stage,panggung
stj,setuju
stuju,setuju
sprt,seperti
sprti,seperti
sperti,seperti
sy,saya
sya,saya
syg,sayang
sampek,sampai
spek,spesifikasi
td,tadi
tdk,tidak
tpat,tepat
tpt,tepat
tengsin,malu
tebel,tebal
thn,tahun
tik,cantik
tkt,takut
tp,tapi
tpii,tapi
trs,terus
trus,terus
ttg,tentang
ttp,tetap
ttep,tetap
tetep,tetap
tlpon,telpon
tp,tapi
tw,tau
typo,salah tulis
trimakasih,terima kasih
trims,terima kasih
trim,terima
timbang,dibanding
tg,tempered glass
tks,thanks
tq,terima kasih
u,kamu
utk,untuk
unyu,menggemaskan
uda,sudah
udh,sudah
wa,whatsapp
walo,walau
walao,walau
with,dengan
woles,santai
wtf,apa-apaan
x,kali
y,ya
yak,ya
yg,yang
yng,yang
klesuruah,keseluruhan
cancel,dibatalkan
cansel,dibatalkan
smpai,sampai
for,untuk
hihihi,tertawa
hehehe,tertawa
hahaha,tertawa
wkwkwk,tertawa
ckckck,heran
kayak,seperti
birthday,ulang tahun
brithday,ulang tahun
thank,terima kasih
ati,hati
adin,adakan
aga,agak
merek,merk
ane,saya
bingitz,banget
godjob, good job
akirnya,akhirnya
tingi,tinggi
best,terbaik
delivery,pengiriman
vocher,voucher
vocer,voucher
atm,anjungan tunai mandiri
money,uang
adin,adain
hole,lubang
bas,bass
depak,depok
woto,bernilai
worth,bernilai
copot,lepas
kagak,tidak
cape,capek
cas,charge
error,rusak
quality,kualitas
mesan,memesan
terimakasih,terima kasih
notification,pemberitahuan
nyalain,nyalakan
packing,pengemasan
peking,pengemasan
paking,pengemasan
unique,unik
nyampe,sampai
si,sih
perfect,sempurna
size,ukuran
free,gratis
pict,gambar
picture,gambar
real,memang
moga,semoga
nyangka,menyangka
kirain,dikira
fake,palsu
kw,palsu
marketing,pemasaran
refund,pengembalian dana
komplain,keluhan
komplen,keluhan
kah,kasih
review,ulasan
digratisun,gratis
trusted,terpercaya
cip,sip
sep,sip
birthday,ulang tahun
original,asli
invite,undang
meeting,pertemuan
markotop,sekali
markusip,sekali
gandos,sekali
smartphone,telepon genggam cerdas
xpress,express
ekspress,express
black,hitam
blue,biru
very,sangat
not,tidak
on,tepat
time,waktu
good,bagus
bad,jelek
product,produk
carger,charger
awesome,luar biasa
amazing,luar biasa
kilatan,kelihatan
simple,sederhana
simpel,sederhana
poko,pokok
txs,terima kasih
order,pemesanan
performance,performa
service,pelayanan
you,kamu
worthed,bernilai
like,suka
choice,pilihan
top,teratas
tyas,terima kasih
rendy,siap
ready,siap
original,asli
orisinal,asli
orisinil,asli
job,pekerjaan
nunggu,menunggu
nungguin,menunggu
couple,pasangan
gadget,gawai
online,daring
via,lewat
invite,faktur
fans,penggemar
is,adalah
the,yang
ulangtahun,ulang tahun
radak,agak
rada,agak
now,sekarang
display,tampilan
gift,hadiah
min,admin
useful,berguna
powerful,bertenaga
power,tenaga
attitude,sikap
card,kartu
eror,error
high,tinggi
figur,fitur
accept,terima
account,akun
acceptable,dapat diterima
aceptable,dapat diterima
accesories,aksesoris
acesories,aksesoris
aksesori,aksesoris
acomplished,tercapai
accomplished,tercapai
afordable,terjangkau
affordable,terjangkau
verified,verifikasi
verikasi,verifikasi
voucer,voucher
walapun,walaupun
watching,menonton
waterproof,tahan air
wedding,pernikahan
world,dunia
plis,mohon
please,mohon
official,resmi
trprcaya,terpercaya
trobosan,terbosan
trlmbt,terlambat
transfers,transfer
thebest,terbaik
terbaique,terbaik
tangungjawab,tanggung jawab
trimaksi,terima kasih
trimkasi,terima kasih
slnjtnya,selanjutnya
kmarin,kemarin
kren,keren
napi,narapidana
entod,entot
ngentod,ngentot
ewek,ewe
babik,babi
kntl,kontol
kont0l,kontol
ngent0d,ngentot
kwontol,kontol
memeq,memek
sbg,sebagai
nyokap,ibu
bokap,bapak
kerna,karena
pedopil,pedofil
pedopilia,pedofil
pedofilia,pedofil
pedo,pedofil
statement,pernyataan
syahid,sahid
peribumi,pribumi
cinak,cina
yaqin,yakin
bbm,bahan bakar minyak
tapir,kafir
ngakaks,ngakak
caper,cari perhatian
njing,anjing
jing,anjing
jink,anjing
taik,tai
bencong,banci
ormas,organisasi masyarakat
sma,sama
jkw,jokowi
swt,subhanahuwataala 
sono,sana
ri,republik indonesia
nkri,negara kesatuan republik indonesia
opm,organisasi papua merdeka
fpi,front pembela islam
pks,partai keadilan sejahtera
hti,hizbut tahrir
gede,besar
nyante,nyantai
china,cina
hdp,hidup
hdup,hidup
bnuh,bunuh
slalu,selalu
triak,teriak
spt,seperti
sex,seks
djmin,dijamin
konthol,kontol
k0ntol,kontol
k0nt0l,kontol
kontoi,kontol
konthol,kontol
konth0l,kontol
k0nthol,kontol
kontoi,kontol
mekontol,kontol
khonthol,kontol
kontgol,kontol
kontoi,kontol
tytyd,titit
titit,titit
titid,titit
tytyt,titit
kontoinya,kontolnya
titek,tetek
tete,tetek
te2,tetek
thetek,tetek
tethek,tetek
bgst,bangsat
jembot,jembut
guoblok,goblog
memhek,memek
memhex,memek
m3ki,memek
meki,memek
puki,memek
kimak,memek
holol,tolol
njing,anjing
jing,anjing
ntot,ngentot
entot,ngentot
entiaw,ngentot
misqin,miskin
crot,ejakulasi
buangshat,bangsat
taik,tai
kyk,kayak
kyknya,kayaknya
bgitu,begitu
pda,pada
pd,pada
upload,unggah
download,unduh
donlot,unduh
aplot,unggah
jt,juta
eek,kotoran
curut,tikus
nebeng,numpang
ngana,kamu
bngt,banget
nyanyiin,menyanyikan
sexy,seksi
kbykn,kebanyakan
kbnykan,kebanyakan
ma,sama
ama,sama
skrang,sekarang
skrg,sekarang
skrng,sekarang
komen,berkomentar
like,suka
salfok,salah fokus
wuah,wah
woy,woi
follow,mengikuti
cariin,carikan
criin,carikan
drpda,daripada
drpd,daripada
dripda,daripada
share,bagikan
skill,kemampuan
salfok,salah fokus
boong,bohong
separo,separuh
nenen,tetek
update,perbarui
seleb,artis
sist,kakak perempuan
bro,kakak laki laki
trnyata,ternyata
trnyta,ternyata
body,badan
ngabisin,menghabiskan
nyebar,menyebarkan
ketangkep,tertangkap
tangkep,tangkap
ditangkep,ditangkap
kpk,komisi pemberantasan korupsi
respect,hormat
respek,hormat
kebangetan,keterlaluan
admin,administrator
belon,belum
belagu,sombong
pukinya,memeknya
pukimak,memeknya
cocot,bacot
aseng,asing
wahyudi,yahudi
pelem,film
true,benar
religion,agama
fuck,bangsat
lehuga,boleh juga
leh,boleh
ugha,juga
jilatin,menjilat
ban,dilarang
banned,dilarang
batabig,lempar bata
genocide,genosida
jesus,yesus
donk,dong
ni,ini
mentality,mentalitas
mintak,minta
ye,ya
taro,taruh
klau,kalau
cewe,cewek
cwek,cewek
pulak,pula
cwe,cewek
sy,saya
cwo,cowok
toket,tetek
koment,berkomentar
misquen,miskin
mn,mana
gra,gara
ngadain,mengadakan
ngatain,mencela
perangi,memerangi
fjb,forum jual beli
cok,jancuk
cuk,jancuk
thdp,terhadap
trhdp,terhadap
trhadap,terhadap
bhkn,bahkan
bhkan,bahkan
dki,daerah khusus ibukota
stlah,setelah
stelah,setelah
blg,bilang
blng,bilang
bnran,beneran
mrk,mereka
gaada,tidak ada
netijen,netizen
bnggakan,banggakan
x,kali
cian,kasian
tk,tidak
pap,kirim gambar
dm,pesan langsung
q,aku
apdet,pembaruan
delete,hapus
sosmed,sosial media
socmed,sosial media
abjat,abjad
akte,akta
aktip,aktif
aktifitas,aktivitas
amandemen,amendemen
handal,andal
analisa,analisis
antri,antre
azas,asas
apek,apak
apotik,apotek
aritmatika,aritmetika
atlit,atlet
atmosfir,atmosfer
cabe,cabai
cemilan,camilan
cendikia,cendekia
cinderamata,cenderamata
detil,detail
difinisi,definisi
diagnosa,diagnosis
hembus,embus
extra,ekstra
ekstrim,ekstrem
esei,esai
pebruari,februari
pondasi,fondasi
formil,formal
frase,frasa
frekwensi,frekuensi
gisi,gizi
hapal,hafal
hakekat,hakikat
hipotesa,hipotesis
hirarki,hierarki
ijasah,ijazah
ijin,izin
himbau,imbau
hisap,isap
isteri,istri
jadual,jadwal
jenasah,jenazah
jendral,jenderal
justeru,justru
kafeteria,kafetaria
kalendar,kalender
karir,karier
ketapel,katapel
katagori,kategori
kadaluwarsa,kedaluwarsa
kenderaan,kendaraan
komplit,komplet
konperensi,konferensi
konggres,kongres
kongkrit,konkret
kreatifitas,kreativitas
kwalifikasi,kualifikasi
kwalitatif,kualitatif
kwantitatif,kuantitatif
kwalitas,kualitas
kwitansi,kuitansi
lobang,lubang
mahluk,makhluk
menejemen,manajemen
mesjid,masjid
merk,merek
materai,meterai
meterei,meterai
metoda,metode
milyar,miliar
missi,misi
moderen,modern
mubadir,mubazir
mulya,mulia
pungkir,mungkir
nafas,napas
nara,narasumber
nasehat,nasihat
obyek,objek
obyektif,objektif
faham,paham
parlamen,parlemen
pasport,paspor
perduli,peduli
fikir,pikir
praktek,praktik
propinsi,provinsi
rebo,rabu
resiko,risiko
syah,sah
senggama,sanggama
sekedar,sekadar
sekular,sekuler
selular,seluler
semedi,semadi
central,sentral
seprei,seprai
silahkan,silakan
sirkular,sirkuler
sistim,sistem
seksama,saksama
subyek,subjek
subyektif,subjektif
sorga,surga
survai,survei
survey,survei
nampak,tampak
tauladan,teladan
tehnik,teknik
tehnologi,teknologi
terlanjur,telanjur
terlantar,telantar
trampil,terampil
villa,vila
waqaf,wakaf
ujud,wujud
yudikatip,yudikatif
rubah,ubah
jaman,zaman
alfa,alpa
bae,baik
bales,balas
belom,belum
capek,capai
dalem,dalam
dapet,dapat
disyahkan,disahkan
febuari,februari
ilang,hilang
iklas,ikhlas
inget,ingat
itikat,itikad
jumaat,jumat
karna,karena
kasir,kasier
kharisma,karisma
kapada,kepada
kerab,kerap
kaedah,kaidah
katulistiwa,khatulistiwa
kawatir,khawatir
konkrit,konkret
kwadrat,kuadrat
kwantum,kuantum
kuiz,kuis
lajim,lazim
lusin,losin
maap,maaf
macem,macam
males,malas
manpaat,manfaat
nomer,nomor
matere,materai
mengenyampingkan,mengesampingkan
merubah,mengubah
padet,padat
langganan,pelanggan
pinsil,pensil
pertanggungjawab,pertanggung jawaban
fihak,pihak
popular,populer
rapet,rapat
ampe,sampai
selese,selesai
kayak,seperti
action,aksi
anarkhi,anarki
anggauta,anggota
biosfir,biosfer
cepet,cepat
debet,debit
defaluasi,devaluasi
do'a,doa
diem,diam
daptar,daftar
dipersilahkan,dipersilakan
ekwivalen,ekuivalen
elit,elite
familiar,familier
glukosa,glucose
group,grup
genteng,genting
gubug,gubuk
hektar,hectare
hetrogen,heterogen
hipotik,hipotek
hirarkhi,hierarki
cuma,hanya
abis,habis
idiologi,ideologi
ihlas,ikhlas
interograsi,interogasi
interospeksi,introspeksi
intrupsi,interupsi
institute,institut
kalo,kalau
kwantitas,kuantitas
kwota,kuota
kridit,kredit
linier,linear
managemen,manajemen
missal,masal
missal,misal
massal,masal
menejer,manajer
monarkhi,monarki
moril,moral
netralisir,netralisasi
omset,omzet
pengreditan,pengkreditan
tekhnologi,teknologi
university,universitas
varitas,varietas
ada kalanya,adakalanya
apa bila,apabila
bagai mana,bagaimana
barang kali,barangkali
bila mana,bilamana
bea siswa,beasiswa
bela sungkawa,belasungkawa
bumi putra,bumiputra
dari pada,daripada
darma bakti,darmabakti
darma siswa,darmasiswa
duka cita,dukacita
hulu balang,hulubalang
kaca mata,kacamata
kasat mata,kasatmata
ke pada,kepada
kerata basa,keratabasa
kosa kata,kosakata
loka karya,lokakarya
mana kala,manakala
mana suka,manasuka
mangku bumi,mangkubumi
mara bahaya,marabahaya
mata hari,matahari
olah raga,olahraga
pada hal,padahal
parama sastra,paramasastra
puspa warna,puspawarna
radio aktif,radioaktif
sastra marga,sastramarga
sapu tangan,saputangan
sari pati,saripati
sebagai mana,sebagaimana
sedia kala,sediakala
segitiga,segi tiga
silatu rahmi,silaturahmi
suka cita,sukacita
suka rela,sukarela
suka ria,sukaria
syah bandar,syahbandar
titi mangsa,titimangsa
walikota,wali kota
eka bahasa,ekabahasa
dwi bahasa,dwibahasa
tri darma,tridarma
tri tunggal,tritunggal
catur warga,caturwarga
catur wulan,caturwulan
panca indra,pancaindra
panca sila,pancasila
sapta krida,saptakrida
sapta pesona,saptapesona
dasa titah,dasatitah
dasa warsa,dasawarsa
kilo gram,kilogram
mega watt,megawatt
tera bita,terabita
giga ohm,gigaohm
senti meter,sentimeter
mikro organisme,mikroorganisme
kilo meter,kilometer
a moral,amoral
a susila,asusila
antar negara,antarnegara
antar warga,antarwarga
ekstra kurikuler,ekstrakurikuler
kontra revolusi,kontrarevolusi
maha agung,mahaagung
mahapengasih1,maha pengasih
non blok,nonblok
non indonesia2,non-indonesia
peri laku,perilaku
perikeadilan1,peri keadilan
pasca panen,pascapanen
semi profesional,semiprofesional
sub bagian,subbagian
super sibuk,supersibuk
tuna karya,tunakarya
ultra modern,ultramodern
malpraktik,malapraktik
malfungsi,malafungsi
malserap,malaserap
maladaptasi,malaadaptasi
malsuai,malasuai
maldistribusi,maladistribusi
malgizi,malagizi
malsikap,malasikap
andai pun,andaipun
atau pun,ataupun
bagaimana pun,bagaimanapun
biar pun,biarpun
kalau pun,kalaupun
kendati pun,kendatipun
meski pun,meskipun
sungguh pun,sungguhpun
walau pun,walaupun
hindia-belanda,hindia belanda
asal-usul,asal usul
diantara,di antara
diakhir,di akhir
diatas,di atas
diawal,di awal
dibagian,di bagian
dibawah,di bawah
dibelakang,di belakang
didalam,di dalam
didekat,di dekat
didepan,di depan
dihadapan,di hadapan
dijalan,di jalan
dikanan,di kanan
dikiri,di kiri
diluar,di luar
dimana,di mana
dimuka,di muka
dipusat,di pusat
dirumah,di rumah
disamping,di samping
disaat,di saat
disana,di sana
disebelah,di sebelah
diseberang,di seberang
disekeliling,di sekeliling
disekitar,di sekitar
diseluruh,di seluruh
disini,di sini
disisi,di sisi
disitu,di situ
ditanah,di tanah
ditempat,di tempat
ditengah,di tengah
ditengah-tengah,di tengah-tengah
ditepi,di tepi
ditiap,di tiap
ditiap-tiap,di tiap-tiap
keatas,ke atas
kebawah,ke bawah
kebelakang,ke belakang
kedalam,ke dalam
kedepan,ke depan
kehadapan,ke hadapan
kekanan,ke kanan
kekiri,ke kiri
kemana,ke mana
kesana,ke sana
kesamping,ke samping
ketempat,ke tempat
aktuil,aktual
trotoir,trotoar
komersiil,komersial
komersil,komersial
tradisionil,tradisional
orisinil,orisinal
orijinil,orisinal
orijinal,orisinal
riil,real
afdol,afdal
cidera,cedera
dekrit2,dekret
disain,desain
diskripsi,deskripsi
diskotik,diskotek
eksim,eksem
exim,eksem
faidah,faedah
kongkret,konkret
musium,museum
pinalti,penalti
piranti,peranti
personil,personel
teoritis,teoretis
vidio,video
cengkeh,cengkih
desertasi,disertasi
intelejen,intelijen
kempes,kempis
ledeng,leding
retsleting,ritsleting
senen,senin
amuba,ameba
punggawa,penggawa
surban,serban
sorban,serban
agribisnis,agrobisnis
kantung,kantong
khutbah,khotbah
mandur,mandor
rubuh,roboh
pastur,pastor
supir,sopir
babon,babun
goncang,guncang
goa,gua
kaos,kaus
kokoh,kukuh
komulatif,kumulatif
kolomnis,kolumnis
korma,kurma
limo,limusin
limosin,limusin
mangkok,mangkuk
saos,saus
sop,sup
tegor,tegur
telor,telur
obrak-abrik,ubrak-abrik
konsekwensi,konsekuensi
kwadran,kuadran
kwalitet,kualitas
kwartal,kuartal
kwintal,kuintal
kwatir,khawatir
kuatir,khawatir
aktiv,aktif
efektip,efektif
epektip,epektif
pisik,fisik
photo,foto
photokopi,fotokopi
insap,insaf
insyaf,insaf
kreatip,kreatif
kreativ,kreatif
napsu,nafsu
negatip,negatif
negativ,negatif
pasip,pasif
pasiv,pasif
positip,positif
positiv,positif
produktip,produktif
produktiv,produktif
sarap,saraf
sertipikat,sertifikat
tarip,tarif
transitip,transitif
transitiv,transitif
telefon,telepon
telfon,telepon
telpon,telepon
tilpon,telepon
vermak,permak
vulpen,pulpen
aktifis,aktivis
konfeksi,konveksi
motifasi,motivasi
nopember,november
babtis,baptis
jerembab,jerembap
lembab,lembap
sembab,sembap
saptu,sabtu
tekat,tekad
bejad,bejat
nekad,nekat
otoped,otopet
skuad,skuat
jenius,genius
marjin,margin
marjinal,marginal
projek,proyek
plasa,plaza
bathin,batin
katholik,katolik
orthografi,ortografi
pathogen,patogen
theologi,teologi
rejeki,rezeki
rizki,rezeki
riski,rezeki
rizqi,rezeki
rejim,rezim
jamrud,zamrud
anugrah,anugerah
cendrawasih,cenderawasih
indra,indera
kripik,keripik
krupuk,kerupuk
ksatria,kesatria
satria,kesatria
mentri,menteri
negri,negeri
prancis,perancis
sebrang,seberang
menyebrang,menyeberang
sumatra,sumatera
perajurit,prajurit
putera,putra
puteri,putri
samudera,samudra
sastera,sastra
sutera,sutra
terompet,trompet
iktisar,ikhtisar
kotbah,khotbah
kusyuk,khusyuk
makluk,makhluk
mahkluk,makhluk
nahkoda,nakhoda
nakoda,nakhoda
tahta,takhta
takhyul,takhayul
tahyul,takhayul
tahayul,takhayul
akhli,ahli
rakhmat,rahmat
tekhnik,teknik
ikhwal,ihwal
sex,seks
taxi,taksi
extasi,ekstasi
expor,ekspor
syaraf,saraf
syurga,surga
mashur,masyhur
masyur,masyhur
mahsyur,masyhur
mashyur,masyhur
muadzin,muazin
adzan,azan
ustadz,ustaz
ustad,ustaz
ustadzah,ustazah
dzikir,zikir
dzuhur,zuhur
dhuhur,zuhur
zhuhur,zuhur
sintesa,sintesis
efektifitas,efektivitas
komuniti,komunitas
produktifitas,produktivitas
realiti,realitas
realita,realitas
selebriti,selebritas
sportifitas,sportivitas
universiti,universitas
utiliti,utilitas
validiti,validitas
dilokalisir,dilokalisasi
didramatisir,didramatisasi
dipolitisir,dipolitisasi
dinetralisir,dinetralisasi
dikonfrontir,dikonfrontasi
mendominir,mendominasi
koordinir,koordinasi
proklamir,proklamasi
terorganisir,terorganisasi
terealisir,terealisasi
menyintai,mencintai
menyolok,mencolok
contek,sontek
mencontek,menyontek
aksesoris,aksesori
hantar,antar
panutan,anutan
atsiri,asiri
bhakti,bakti
china,cina
dharma,darma
diktaktor,diktator
eksport,ekspor
hadits,hadis
hadist,hadis
harafiah,harfiah
import,impor
interprestasi,interpretasi
kangker,kanker
lansekap,lanskap
maghrib,magrib
ramadhan,ramadan
rapih,rapi
sansekerta,sanskerta
sri langka,sri lanka
shalat,salat
sholat,salat
solat,salat
standard,standar
standarisasi,standardisasi
hutang,utang
zinah,zina
jum'at,jumat
la'nat,laknat
ma'af,maaf
mu'jizat,mukjizat
mujizat,mukjizat
mujijat,mukjizat
ni'mat,nikmat
raka'at,rakaat
ta'at,taat
amphibi,amfibi
anjlog,anjlok
alpukat,avokad
alpokat,avokad
bolpen,pulpen
cabay,cabai
ceret,cerek
differensial,diferensial
duren,durian
faksimili,faksimile
faksimil,faksimile
graha,gerha
goblog,goblok
gombrong,gombroh
horden,gorden
korden,gorden
imaginasi,imajinasi
jerigen,jeriken
jirigen,jeriken
carut-marut,karut-marut
mahzab,mazhab
mempesona,memesona
nenas,nanas
negoisasi,negosiasi
automotif,otomotif
pararel,paralel
paska,pasca
prosen,persen
petay,petai
proffesor,profesor
rame,ramai
rapot,rapor
rileks,relaks
rileksasi,relaksasi
renumerasi,remunerasi
seketaris,sekretaris
sekertaris,sekretaris
sensorik,sensoris
sentausa,sentosa
strawberi,stroberi
strawbery,stroberi
strawberry,stroberi
taqwa,takwa
tauco,taoco
tauge,taoge
toge,taoge
taubat,tobat
trilyun,triliun
vissi,visi
